controller,test,scr,stable,P_kW,THDi_pct,THDv_pct,Vpcc_pu,fRipple_Hz,VdcRipple_V,VdcStepDev_V
PI,hard,20,1,18.4862063459998,1.67820793545071,1.65378009833729,1.01656241002786,0.00759712511211319,4.2821069020207,NaN
PI,hard,10,1,18.5010242364746,1.0406901167362,1.58965940818403,1.03012104293109,0.0176831392469268,4.27924699827645,NaN
PI,hard,5,1,18.5024561976938,0.784711200730653,1.42206090531899,1.05148750843527,0.0430276431909959,3.54427772545625,NaN
PI,hard,3,0,4.14397825330297,1.88794705727816,9.29326858555102,2.77394086286711,0.956044098518305,18.4442303592039,NaN
PI,ramp,3,1,17.7825409705045,1.32971180377656,2.71009609823269,1.06935856495457,0.0716377114528655,4.20494702350504,17.8295030093899
PI,ramp,2,1,17.7906528990809,1.34491732431837,3.3826386146046,1.07697798053056,0.108170800073992,3.95391995711248,17.9234873948109
Hinf,hard,20,1,18.5049995939919,1.66756763589377,1.30458521659415,1.01658000748446,0.00956631207884584,4.09826471624126,NaN
Hinf,hard,10,1,18.4920816413719,1.38695038145903,1.86689323785796,1.03045053005626,0.0197825703956767,4.03830265599947,NaN
Hinf,hard,5,1,18.5164184424287,1.37614711168799,2.94769063833579,1.05331802940279,0.0606113178463374,4.71305262653323,NaN
Hinf,hard,3,0,4.94698011491992,14.5955068626073,85.7951742983956,2.60389355226229,1.35124519322005,21.7220613743689,NaN
Hinf,ramp,3,1,17.7709128328333,1.15677481579649,2.53674898135329,1.0713454636933,0.0853429501134428,3.90070274831999,17.6593216246534
Hinf,ramp,2,1,17.80646688705,1.21046697460052,2.87239107441402,1.0777999949119,0.145764172931706,3.6870781307282,17.9704899605418
