case,scr,fres_Hz,fc_Hz,PM_deg,GM_dB,Ms,stable
Model (no loop delay),20,1377.11644494311,374.213551366475,86.3800505246708,Inf,1,1
Model (no loop delay),10,1257.1994073427,360.078165585795,86.5694106419676,Inf,1,1
Model (no loop delay),5,1164.16830564005,334.220779778444,87.0582553912841,Inf,1,1
Model (no loop delay),3,1116.32584119433,305.101042782002,87.8919349050445,Inf,1,1
Model (no loop delay),2,1089.28795890277,276.345446977702,89.145679046464,Inf,1,1
Digital controller (1.5/fsw delay),20,1377.11644494311,374.213551366475,66.1725191348484,7.75807460318742,1.93950156858466,1
Digital controller (1.5/fsw delay),10,1257.1994073427,1028.37354416138,52.2890613351598,8.12745963875522,1.89275644738099,1
Digital controller (1.5/fsw delay),5,1164.16830564005,867.319634752429,49.5049754196556,8.43465438617917,1.81930509752183,1
Digital controller (1.5/fsw delay),3,1116.32584119433,772.764932462493,50.4778095414796,8.58229680317784,1.7808051964302,1
Digital controller (1.5/fsw delay),2,1089.28795890277,717.400551832265,51.6017475549566,8.66138521748334,1.76069197068501,1
